id;name;first_name;last_name;street;city;postal_code;country;registration_number;vat_number;registered_mark;supplementary_text;bank_account_number;iban;email;telephone;web_url;created_date;updated_date
1;Isle;Art;Bradtke;Romaine Isle;Leonieside;payment Montserrat;Greece;Health interface bypass;Enterprise-wide Frozen;monitor teal Auto Loan Account;../fake-data/blob/hipster.txt;Handcrafted Executive matrix;LV54KLUV27D0E370WO3R4;Wilmer.Ondricka70@yahoo.com;(847) 088-5616;architecture deposit;2021-01-18T11:31:22;2021-01-18T07:36:31
2;standardization tan deposit;Ashtyn;Leuschke;Teagan Estate;South Elliott;middleware next-generation;Finland;virtual platforms;24/7;Handcrafted Frozen Shoes generating strategize;../fake-data/blob/hipster.txt;plum application;FO2903184866520240;Kory.Durgan@hotmail.com;1-125-030-8396 x602;International firewall;2021-01-18T10:08:07;2021-01-18T19:08:40
3;bandwidth monetize THX;Lourdes;Mertz;Grant Union;South Jettie;AGP Pants;Guernsey;dynamic transmit Buckinghamshire;Rubber synthesize Tanzanian Shilling;transitional;../fake-data/blob/hipster.txt;regional Response;GR6537100294250577346C48L6D;Eliezer.Mayer59@hotmail.com;(670) 864-0078 x411;Jewelery Pa'anga;2021-01-18T23:56:58;2021-01-18T19:45:43
4;Coordinator;Anderson;Roob;Yundt Meadow;East Phoebeborough;Generic withdrawal;Dominican Republic;Investment Account generating Savings Account;Internal capability;Markets purple;../fake-data/blob/hipster.txt;red Gabon Focused;IL504607250914004373114;Brennon24@gmail.com;(832) 175-5828 x485;transmitter Belize;2021-01-18T18:24:08;2021-01-18T02:23:26
5;emulation Ergonomic Gorgeous;Gracie;Fritsch;Aric Loop;West Deliaview;Intranet generating;Fiji;Uganda Shilling;Metal Music generating;Operations zero tolerance web services;../fake-data/blob/hipster.txt;Spain;GR13865844107674354UJD54181;Justyn_Ernser@gmail.com;062-982-7198;Buckinghamshire;2021-01-18T10:29:58;2021-01-18T00:44:54
6;Tuvalu e-markets;Jon;Raynor;Trantow Street;New Austyn;TCP ROI;Angola;Small Frozen Salad Designer;hard drive Legacy;Future Junctions;../fake-data/blob/hipster.txt;Fresh;TL860058500738051000348;Jerod.Huel3@yahoo.com;491.873.9772 x123;Wooden Architect;2021-01-18T12:14:46;2021-01-18T13:54:45
7;productize JSON;Leanne;Bradtke;Yundt Garden;Funkchester;deploy;Colombia;Rustic;compressing;focus group Tasty Rustic Wooden Gloves;../fake-data/blob/hipster.txt;Czech Republic Cambridgeshire;IE92T19A17506959501003;Kaylah49@gmail.com;152-027-2371 x98026;digital;2021-01-18T03:53:59;2021-01-18T08:40:27
8;Architect Operative Montana;Gene;O'Connell;Deanna Corner;Olaland;virtual;Zimbabwe;Corporate Corporate invoice;wireless Direct;invoice Parks Louisiana;../fake-data/blob/hipster.txt;China Open-architected intangible;GL7279150040087104;Morgan.Lubowitz45@gmail.com;671-907-9641;Auto Loan Account;2021-01-18T20:49:46;2021-01-18T19:00:36
9;infomediaries programming;Santiago;Gleichner;Junior Course;Auerland;Bedfordshire Branding;Qatar;Right-sized Outdoors Administrator;Gorgeous Checking Account redefine;quantify;../fake-data/blob/hipster.txt;Chicken reboot;IL242080082956526046003;Scottie53@hotmail.com;(213) 690-9448;Palestinian Territory system engine Course;2021-01-18T00:44:56;2021-01-18T07:29:46
10;mesh applications Overpass;Elvera;Cremin;Lydia Ways;Abernathyfort;circuit Summit Operations;Chad;Chair feed override;Granite;Ergonomic;../fake-data/blob/hipster.txt;maximized Soft;TL730046005030331642911;Jennings.Lang@hotmail.com;1-263-342-5785;Object-based reboot;2021-01-18T09:18:47;2021-01-18T20:42:57
