id;company_name;first_name;last_name;street;city;postal_code;country;telephone
1;Table;Jarod;Kirlin;Mozelle Drive;Christiansentown;Borders reciprocal;Vietnam;(322) 571-5514
2;Brand;Elmore;Wilderman;Sunny Pines;East Edmund;connecting Chief;Panama;1-104-303-7407 x77537
3;Djibouti Franc Chicken Customer;Mervin;Rath;Stokes Squares;West Gerard;synthesize Island Borders;Honduras;(297) 813-7487
4;productivity back-end;Therese;Considine;Hane Cliffs;New Elmer;Arkansas out-of-the-box International;Hungary;1-985-560-2573
5;tan;Ewell;Heller;Kuhic Summit;Lubowitztown;Chair feed;Faroe Islands;(858) 615-0031
6;Quality quantifying Borders;Luther;Roberts;Prohaska Tunnel;Estaville;Berkshire;Russian Federation;1-345-952-3455 x2436
7;uniform;Aidan;Koepp;Kub Squares;West Jordanland;Clothing;French Polynesia;061.230.9634 x1008
8;THX Utah Delaware;Margarete;Ledner;Deangelo Pines;Jazlynland;needs-based Data;China;114-276-0032
9;synthesizing redefine Rhode Island;Dexter;Steuber;Pearl View;Jamarbury;Borders;Bahrain;552-790-4237
10;Pizza Keyboard;Ibrahim;Stehr;Harold Prairie;Linwoodshire;deliverables;Burkina Faso;1-554-966-9992
