id;company_name;own_name;first_name;last_name;street;city;postal_code;country;registration_number;vat_number;bank_account_number;iban;web_url
1;National Operative;fuchsia override;Rosie;Altenwerth;Gerlach Plain;Lake Moniquetown;Credit Card Account Facilitator protocol;Morocco;generate Grocery;Islands;Strategist action-items;IL280044972000700300695;SDD global
2;IB;generating Garden;Gavin;Simonis;Anna Mountain;Octaviahaven;Savings Account synthesizing;Sierra Leone;plug-and-play;Arkansas Steel;Western Sahara;SA74953810B8W737T07618HD;invoice
3;Arizona;Avon Sports;Alexandrea;Crist;Murphy Ridges;Leopoldborough;Legacy;Comoros;monetize Gorgeous;XML hack Shores;virtual HTTP Executive;LI9694493I236221253W2;Rue Indiana payment
4;coherent gold;website transmitter Analyst;Juana;Fadel;Jimmy Cape;South Carolinachester;Rustic;Solomon Islands;transparent connecting;global New Mexico Norway;Clothing Buckinghamshire Markets;BE09322070500520;withdrawal Connecticut mobile
5;West Virginia;Credit Card Account bleeding-edge;Charity;Rutherford;Mante Shores;Lake Auroreport;global Tasty Indiana;Armenia;Response Specialist Principal;hack driver;Agent;QA55XVNU3H9246U1830D235738051;Minnesota modular
6;Bahraini Dinar;North Korean Won Bedfordshire;Betsy;Stoltenberg;Senger Skyway;North Karelleborough;Mission open-source;Uzbekistan;Glens Group;Mongolia;Licensed Soft Pants recontextualize;NL95XGXQ0040480959;sky blue online
7;Buckinghamshire;mobile deploy;Willard;Schmitt;Moore Mountains;Maeshire;parse;Italy;integrate index Yuan Renminbi;Persevering USB;violet;VG927Y322008950500101006;French Southern Territories Union benchmark
8;IB;Arkansas Belgium Supervisor;Melisa;Parker;Cicero Prairie;Arvillastad;firewall Administrator Enhanced;Andorra;Personal Loan Account;Usability Global;District Consultant;HR7122848693075077065;Towels demand-driven Fantastic
9;payment Web Iowa;calculating paradigm;Felicity;Murray;Smitham Grove;New Berta;Direct;Andorra;local navigate card;Wooden pink;Configuration Senior whiteboard;KW84YXHH5I4R41T452671UIB31924Q;intuitive Down-sized
10;Forward backing up;Steel auxiliary;Nola;Hackett;Skye Port;Lake Jamil;Connecticut transmit;Georgia;functionalities;Alaska Wyoming alliance;deposit;GL3100499009001611;Hawaii copy Jamaica
